Name,Country,State/Province/Region,City,Bio / Focus,Primary Platform,Primary Handle,Instagram Handle,Instagram Followers,TikTok Handle,TikTok Followers,YouTube Handle,YouTube Subscribers,Other Socials,Combined Audience Proxy,Average Views / Reach Metric,Engagement Rate,Starting Price,Currency,Pricing Status,Avatar URL,Cover URL,Primary Profile URL,Source URL,Source Updated,Notes
K Money,Ethiopia,Addis Ababa,Addis Ababa,Creator focused on lifestyle / culture / travel.,TikTok,@KmoneyinEthiopia,@K_Moneyyy1,"60,000",@KmoneyinEthiopia,"300,000",KmoneyTooClever,"45,000",,"405,000",,,,ETB,Request quote / not publicly verified,https://kmoneyinethiopia.com/kmoney.jpg,,https://www.tiktok.com/@KmoneyinEthiopia,https://kmoneyinethiopia.com/,2026-05,"First-party creator site; 300K+ TikTok, 60K+ Instagram, 45K+ YouTube. Custom quote only."
Freedom,Ethiopia,,,Creator focused on short-form entertainment.,TikTok,@falmataabdoshe,,,@falmataabdoshe,"10,300,000",,,,"10,300,000",,21.02%,,ETB,Request quote / not publicly verified,,,https://www.tiktok.com/@falmataabdoshe,https://hafi.pro/top/most-followed-tiktok/ethiopia,2026-08-14,Creator-first TikTok account.
Adonaymada,Ethiopia,,,Creator focused on short-form entertainment.,TikTok,@adonaymada,,,@adonaymada,"6,100,000",,,,"6,100,000",,19.93%,,ETB,Request quote / not publicly verified,,,https://www.tiktok.com/@adonaymada,https://hafi.pro/top/most-followed-tiktok/ethiopia,2026-08-14,Creator-first TikTok account.
Master Abinet Kebede,Ethiopia,,,Creator focused on comedy / short-form entertainment.,TikTok,@masterabinet,,,@masterabinet,"6,000,000",,,,"6,000,000",,24.38%,,ETB,Request quote / not publicly verified,,,https://www.tiktok.com/@masterabinet,https://hafi.pro/top/most-followed-tiktok/ethiopia,2026-08-14,Social-media-native entertainment creator.
Napi,Ethiopia,,,Creator focused on short-form entertainment.,TikTok,@napiofficial27,,,@napiofficial27,"6,000,000",,,,"6,000,000",,6.12%,,ETB,Request quote / not publicly verified,,,https://www.tiktok.com/@napiofficial27,https://hafi.pro/top/most-followed-tiktok/ethiopia,2026-08-14,Creator-first TikTok account.
Sami Papa,Ethiopia,,,Creator focused on comedy / lifestyle.,TikTok,@sami_papa,,,@sami_papa,"3,800,000",,,,"3,800,000",,11.37%,,ETB,Request quote / not publicly verified,,,https://www.tiktok.com/@sami_papa,https://hafi.pro/top/most-followed-tiktok/ethiopia,2026-08-14,Short-form creator.
Comedian Yasino,Ethiopia,,,Creator focused on comedy.,TikTok,@comedianyasino,,,@comedianyasino,"2,100,000",,,,"2,100,000",,,,ETB,Request quote / not publicly verified,,,https://www.tiktok.com/@comedianyasino,https://tiktop.et/,2026-08-24,Comedy-first creator.
Yuti Nass,Ethiopia,,,Creator focused on short-form entertainment.,TikTok,@yuti_nass,,,@yuti_nass,"2,800,000",,,,"2,800,000",,,,ETB,Request quote / not publicly verified,,,https://www.tiktok.com/@yuti_nass,https://tiktop.et/,2026-08-24,TikTok-first creator.
Bertemios,Ethiopia,,,Creator focused on short-form entertainment.,TikTok,@bertemios,,,@bertemios,"2,000,000",,,,"2,000,000",,,,ETB,Request quote / not publicly verified,,,https://www.tiktok.com/@bertemios,https://tiktop.et/,2026-08-24,TikTok-first creator.
Dave,Ethiopia,Amhara,Bahir Dar,Creator focused on comedy / prank / lifestyle.,TikTok,@djdava12,,,@djdava12,"328,200",,,,"328,200","1,400,000",5.27%,,ETB,Request quote / not publicly verified,,,https://www.tiktok.com/@djdava12,https://www.modash.io/find-influencers/tiktok/ethiopia,2026-07-08,Location references support Bahir Dar.
Elshaday Wubetu (Sheger Gebeta),Ethiopia,Addis Ababa,Addis Ababa,Creator focused on food / restaurants.,Instagram,@shegergebeta,@shegergebeta,"239,000",,"770,000",,,,"1,009,000",,,,ETB,Request quote / not publicly verified,,,https://www.instagram.com/shegergebeta/,https://influencers.feedspot.com/ethiopian_food_instagram_influencers/,2026-07-27,Source bio reports 770K+ TikTok audience but does not expose the TikTok handle.
Mahider Kebede,Ethiopia,,,Creator focused on food / coffee / travel.,Instagram,@mahider.k,@mahider.k,"145,700",,,,,,"145,700",,,,ETB,Request quote / not publicly verified,,,https://www.instagram.com/mahider.k/,https://influencers.feedspot.com/ethiopian_food_instagram_influencers/,2026-07-27,"Food, coffee and travel video creator."
Chef Yohanis,Ethiopia,,,Creator focused on food / culinary culture.,Instagram,@chef_yohanis,@chef_yohanis,"126,100",,,,,,"126,100",,,,ETB,Request quote / not publicly verified,,,https://www.instagram.com/chef_yohanis/,https://influencers.feedspot.com/ethiopian_food_instagram_influencers/,2026-07-27,"Included as a creator for culinary content, not celebrity status."
Enun,Ethiopia,,,Creator focused on food.,Instagram,@enun_088,@enun_088,"67,500",,,,,,"67,500",,,,ETB,Request quote / not publicly verified,,,https://www.instagram.com/enun_088/,https://influencers.feedspot.com/ethiopian_food_instagram_influencers/,2026-07-27,Ethiopian food creator.
Nathnael Takele,Ethiopia,Addis Ababa,Addis Ababa,Creator focused on food / restaurant reviews.,Instagram,@natitakele116,@natitakele116,"13,400",,,,,,"13,400",,,,ETB,Request quote / not publicly verified,,,https://www.instagram.com/natitakele116/,https://influencers.feedspot.com/ethiopian_food_instagram_influencers/,2026-07-27,Food vlogger and restaurant reviewer.
Stoetzner Sinja,Kenya,,,Creator focused on travel.,Instagram,@travelwithsinja,@travelwithsinja,"121,300",,,,,,"121,300",,,,KES,Request quote / not publicly verified,,,https://www.instagram.com/travelwithsinja/,https://influencers.feedspot.com/kenya_travel_instagram_influencers/,2026-08-19,Travel creator sharing Kenya hidden gems.
Qamili,Kenya,Mombasa,Mombasa,Creator focused on food / travel.,Instagram,@chaqula_,@chaqula_,"54,100",,,,,,"54,100",,,,KES,Request quote / not publicly verified,,,https://www.instagram.com/chaqula_/,https://influencers.feedspot.com/kenya_travel_instagram_influencers/,2026-07-27,East Africa food and travel creator.
Nabilah Omar,Kenya,,,Creator focused on travel / lifestyle / style.,Instagram,@queen.nabilah,@queen.nabilah,"38,500",,,,,,"38,500",,,,KES,Request quote / not publicly verified,,,https://www.instagram.com/queen.nabilah/,https://influencers.feedspot.com/kenya_travel_instagram_influencers/,2026-08-19,Travel and lifestyle creator.
Adam Maina,Kenya,Nairobi City,Nairobi,Creator focused on travel / lifestyle.,Instagram,@adammaina,@adammaina,"122,800",,,,,,"122,800",,,,KES,Request quote / not publicly verified,,,https://www.instagram.com/adammaina/,https://influencers.feedspot.com/kenya_instagram_influencers/,2026-08-19,Travel and lifestyle influencer.
Juliet Kane,Kenya,,,Creator focused on food.,Instagram,@kanes_kitchenaffair,@kanes_kitchenaffair,"118,500",,,,,,"118,500",,,,KES,Request quote / not publicly verified,,,https://www.instagram.com/kanes_kitchenaffair/,https://influencers.feedspot.com/kenya_instagram_influencers/,2026-08-19,Creative food creator; source also references YouTube.
Hope Chebet,Kenya,,,Creator focused on food / hotels / travel.,Instagram,@kenyanfoodie_x,@kenyanfoodie_x,"107,000",,,,,,"107,000",,,,KES,Request quote / not publicly verified,,,https://www.instagram.com/kenyanfoodie_x/,https://influencers.feedspot.com/kenya_instagram_influencers/,2026-08-19,"Food, hotel, travel and lifestyle creator."
Najma Ali,Kenya,Mombasa,Mombasa,Creator focused on modest fashion / beauty / lifestyle.,Instagram,@_najmaali_,@_najmaali_,"54,500",,,,,,"54,500",,,,KES,Request quote / not publicly verified,,,https://www.instagram.com/_najmaali_/,https://influencers.feedspot.com/kenya_instagram_influencers/,2026-08-19,"Modest fashion, beauty and lifestyle creator."
Rhotimmi,Kenya,,,Creator focused on fitness / movement.,Instagram,@rhotimmi,@rhotimmi,"47,400",,,,,,"47,400",,,,KES,Request quote / not publicly verified,,,https://www.instagram.com/rhotimmi/,https://influencers.feedspot.com/kenya_instagram_influencers/,2026-08-19,Fitness and movement creator.
Monicah Wangari,Kenya,,,Creator focused on travel / adventure.,Instagram,@_themkare,@_themkare,"20,400",,,,,,"20,400",,,,KES,Request quote / not publicly verified,,,https://www.instagram.com/_themkare/,https://influencers.feedspot.com/kenya_travel_instagram_influencers/,2026-08-19,Adventure storyteller and travel creator.
Abigal Njeri,Kenya,,,Creator focused on travel / lifestyle.,Instagram,@abigalabby,@abigalabby,"12,900",,,,,,"12,900",,,,KES,Request quote / not publicly verified,,,https://www.instagram.com/abigalabby/,https://influencers.feedspot.com/kenya_travel_instagram_influencers/,2026-08-19,Travel and lifestyle creator.
Ess Opiyo,Kenya,,,Creator focused on travel / lifestyle.,Instagram,@ess_opiyo,@ess_opiyo,"10,600",,,,,,"10,600",,,,KES,Request quote / not publicly verified,,,https://www.instagram.com/ess_opiyo/,https://influencers.feedspot.com/kenya_travel_instagram_influencers/,2026-08-19,Kenya-focused travel/lifestyle creator.
Fatma M,Kenya,Mombasa,Mombasa,Creator focused on travel / food / lifestyle.,Instagram,@pearlsandcinnamon,@pearlsandcinnamon,"23,200",,,,,,"23,200",,,,KES,Request quote / not publicly verified,,,https://www.instagram.com/pearlsandcinnamon/,https://influencers.feedspot.com/kenya_travel_instagram_influencers/,2026-08-19,"Mombasa travel, food and lifestyle creator."
Ceccy,Kenya,,,Creator focused on travel / food.,Instagram,@travelwithceccy,@travelwithceccy,"14,800",,,,,,"14,800",,,,KES,Request quote / not publicly verified,,,https://www.instagram.com/travelwithceccy/,https://influencers.feedspot.com/kenya_travel_instagram_influencers/,2026-08-19,Travel and food creator.
Omotolani Tayo-Osikoya,Nigeria,Lagos,Lagos,Creator focused on food / lifestyle.,Instagram,@diaryofakitchenlover,@diaryofakitchenlover,"2,200,000",,,,,,"2,200,000",,,,NGN,Request quote / not publicly verified,,,https://www.instagram.com/diaryofakitchenlover/,https://influencers.feedspot.com/nigerian_food_instagram_influencers/,2026-08-19,African food/lifestyle creator.
Ify Mogekwu,Nigeria,,,Creator focused on food.,Instagram,@ifys.kitchen,@ifys.kitchen,"2,100,000",,,,"800,000",,"2,900,000",,,,NGN,Request quote / not publicly verified,,,https://www.instagram.com/ifys.kitchen/,https://influencers.feedspot.com/nigerian_food_instagram_influencers/,2026-08-19,Source bio reports 800K+ YouTube subscribers and 150M+ views; exact YT handle not exposed.
Hadiza Ibrahim Ango,Nigeria,Federal Capital Territory,Abuja,Creator focused on food.,Instagram,@chefamors,@chefamors,"1,200,000",,,,,,"1,200,000",,,,NGN,Request quote / not publicly verified,,,https://www.instagram.com/chefamors/,https://influencers.feedspot.com/nigerian_food_instagram_influencers/,2026-08-19,Source also reports 1.8M+ Facebook followers and 140M YouTube views; views are not added to audience proxy.
Adepoju Grace,Nigeria,Lagos,Lagos,Creator focused on food.,Instagram,@velvetyfoodies,@velvetyfoodies,"780,900",,,,,,"780,900",,,,NGN,Request quote / not publicly verified,,,https://www.instagram.com/velvetyfoodies/,https://influencers.feedspot.com/nigerian_food_instagram_influencers/,2026-08-19,Food and recipe creator.
Bukie Akinmade,Nigeria,,,Creator focused on food.,Instagram,@thekitchenmuse,@thekitchenmuse,"760,300",,,,,,"760,300",,,,NGN,Request quote / not publicly verified,,,https://www.instagram.com/thekitchenmuse/,https://influencers.feedspot.com/nigerian_food_instagram_influencers/,2026-08-19,Food creator behind The Kitchen Muse.
Omoye Isabota,Nigeria,,,Creator focused on food.,Instagram,@omoyecooks,@omoyecooks,"689,000",,,,,,"689,000",,,,NGN,Request quote / not publicly verified,,,https://www.instagram.com/omoyecooks/,https://influencers.feedspot.com/nigerian_food_instagram_influencers/,2026-08-19,Food creator.
Faith Temitayo Oyebanjo,Nigeria,,,Creator focused on food.,Instagram,@cheftemmie,@cheftemmie,"437,000",,,,,,"437,000",,,,NGN,Request quote / not publicly verified,,,https://www.instagram.com/cheftemmie/,https://influencers.feedspot.com/nigerian_food_instagram_influencers/,2026-08-19,Recipe and food creator.
Maryam Saidu Ibrahim,Nigeria,Katsina,Katsina,Creator focused on food.,Instagram,@chef.maah,@chef.maah,"435,000",,,,,,"435,000",,,,NGN,Request quote / not publicly verified,,,https://www.instagram.com/chef.maah/,https://influencers.feedspot.com/nigerian_food_instagram_influencers/,2026-08-19,Food creator.
Daniel Ochuko,Nigeria,Lagos,Lagos,Creator focused on food / lifestyle.,Instagram,@danielochuko_,@danielochuko_,"304,000",,,,,,"304,000",,,,NGN,Request quote / not publicly verified,,,https://www.instagram.com/danielochuko_/,https://influencers.feedspot.com/nigerian_food_instagram_influencers/,2026-08-19,Food-focused digital creator.
Jemimah Abisola,Nigeria,Federal Capital Territory,Abuja,Creator focused on food / restaurant discovery.,Instagram,@abujafoodplug,@abujafoodplug,"227,000",,,,,,"227,000",,,,NGN,Request quote / not publicly verified,,,https://www.instagram.com/abujafoodplug/,https://influencers.feedspot.com/nigerian_food_instagram_influencers/,2026-08-19,Abuja food discovery creator.
Koko Osakwe,Nigeria,Rivers,Port Harcourt,Creator focused on food.,Instagram,@chefnshopper,@chefnshopper,"215,300",,,,,,"215,300",,,,NGN,Request quote / not publicly verified,,,https://www.instagram.com/chefnshopper/,https://influencers.feedspot.com/nigerian_food_instagram_influencers/,2026-08-19,Food creator.
Gaz Azah,Nigeria,,,Creator focused on food.,Instagram,@gazkitchen_,@gazkitchen_,"164,100",,,,,,"164,100",,,,NGN,Request quote / not publicly verified,,,https://www.instagram.com/gazkitchen_/,https://influencers.feedspot.com/nigerian_food_instagram_influencers/,2026-08-19,Recipe creator.
Addie Ene-Ita,Nigeria,,,Creator focused on food.,Instagram,@thecorianderkitchen_ng,@thecorianderkitchen_ng,"96,300",,,,,,"96,300",,,,NGN,Request quote / not publicly verified,,,https://www.instagram.com/thecorianderkitchen_ng/,https://influencers.feedspot.com/nigerian_food_instagram_influencers/,2026-08-19,Food creator.
Cynthia (Your Food Girl),Nigeria,Lagos,Lagos,Creator focused on food / restaurant discovery.,Instagram,@yourfoodgirl_,@yourfoodgirl_,"82,400",,,,,,"82,400",,,,NGN,Request quote / not publicly verified,,,https://www.instagram.com/yourfoodgirl_/,https://influencers.feedspot.com/nigerian_food_instagram_influencers/,2026-08-19,Lagos dining discovery creator.
Tai (Foodie in Lagos),Nigeria,Lagos,Lagos,Creator focused on food / travel.,Instagram,@foodieinlagos,@foodieinlagos,"72,900",,,,,,"72,900",,,,NGN,Request quote / not publicly verified,,,https://www.instagram.com/foodieinlagos/,https://influencers.feedspot.com/nigerian_food_instagram_influencers/,2026-08-19,Food/travel creator.
Christiana Kayode,Nigeria,,,Creator focused on travel / fashion / lifestyle.,Instagram,@berbiedoll,@berbiedoll,"815,600",,,,,,"815,600",,,,NGN,Request quote / not publicly verified,,,https://www.instagram.com/berbiedoll/,https://influencers.feedspot.com/nigeria_travel_instagram_influencers/,2026-08-19,"Travel, fashion and lifestyle creator."
Zim,Nigeria,,,Creator focused on travel / photography.,Instagram,@zimeee,@zimeee,"528,100",,,,,,"528,100",,,,NGN,Request quote / not publicly verified,,,https://www.instagram.com/zimeee/,https://influencers.feedspot.com/nigeria_travel_instagram_influencers/,2026-08-19,Travel curator and photographer.
Pelumi Nubi,Nigeria,Lagos,Lagos,Creator focused on travel / adventure.,Instagram,@pelumi.nubi,@pelumi.nubi,"282,600",,,,,,"282,600",,,,NGN,Request quote / not publicly verified,,,https://www.instagram.com/pelumi.nubi/,https://influencers.feedspot.com/nigeria_travel_instagram_influencers/,2026-08-19,Road-trip and destination storyteller.
Tosin Oyewole,Nigeria,Lagos,Lagos,Creator focused on travel / destination storytelling.,Instagram,@tosinoyewole,@tosinoyewole,"148,300",,,,,,"148,300",,,,NGN,Request quote / not publicly verified,,,https://www.instagram.com/tosinoyewole/,https://influencers.feedspot.com/nigeria_travel_instagram_influencers/,2026-08-19,Destination storyteller.
Adenike Tejuoso,Nigeria,,,Creator focused on travel.,Instagram,@adenikair,@adenikair,"124,500",,,,,,"124,500",,,,NGN,Request quote / not publicly verified,,,https://www.instagram.com/adenikair/,https://influencers.feedspot.com/nigeria_travel_instagram_influencers/,2026-08-19,Travel creator.
Grace Mondlana,South Africa,,,Creator focused on food / lifestyle.,Instagram,@grace._mondlana,@grace._mondlana,"810,100",,,,,,"810,100",,,,ZAR,Request quote / not publicly verified,,,https://www.instagram.com/grace._mondlana/,https://influencers.feedspot.com/south_african_food_instagram_influencers/,2026-08-19,Multi-award-winning food/lifestyle content creator.
Tokologo Hlongwane,South Africa,,,Creator focused on food / catering.,Instagram,@catering_bae,@catering_bae,"478,000",,,,,,"478,000",,,,ZAR,Request quote / not publicly verified,,,https://www.instagram.com/catering_bae/,https://influencers.feedspot.com/south_african_food_instagram_influencers/,2026-08-19,Food/catering creator.
Neo Nontso,South Africa,,,Creator focused on food.,Instagram,@dinewithneo,@dinewithneo,"415,700",,,,,,"415,700",,,,ZAR,Request quote / not publicly verified,,,https://www.instagram.com/dinewithneo/,https://influencers.feedspot.com/south_african_food_instagram_influencers/,2026-08-19,Food creator.
Zanele Mvelase,South Africa,,,Creator focused on food / hospitality.,Instagram,@zee_thecook,@zee_thecook,"398,300",,,,,,"398,300",,,,ZAR,Request quote / not publicly verified,,,https://www.instagram.com/zee_thecook/,https://influencers.feedspot.com/south_african_food_instagram_influencers/,2026-08-19,Food creator.
Rohann Chetty,South Africa,,,Creator focused on food / family lifestyle.,Instagram,@thisbrownmom,@thisbrownmom,"377,700",,,,,,"377,700",,,,ZAR,Request quote / not publicly verified,,,https://www.instagram.com/thisbrownmom/,https://influencers.feedspot.com/south_african_food_instagram_influencers/,2026-08-19,Food/family creator.
Sinoyolo Sifo,South Africa,KwaZulu-Natal,Durban,Creator focused on food / lifestyle.,Instagram,@sifo_the_cooking_husband,@sifo_the_cooking_husband,"305,200",,,,,,"305,200",,,,ZAR,Request quote / not publicly verified,,,https://www.instagram.com/sifo_the_cooking_husband/,https://influencers.feedspot.com/south_african_food_instagram_influencers/,2026-08-19,Food/lifestyle creator.
Thilivhali Mash Mugwena,South Africa,,,Creator focused on food.,Instagram,@meals_with_mash_,@meals_with_mash_,"301,800",,,,,,"301,800",,,,ZAR,Request quote / not publicly verified,,,https://www.instagram.com/meals_with_mash_/,https://influencers.feedspot.com/south_african_food_instagram_influencers/,2026-08-19,Food creator; profile references Cape Town/Johannesburg.
Onezwa Mbola,South Africa,,,Creator focused on food / sustainable living.,Instagram,@onezwambola,@onezwambola,"273,000",,,,,,"273,000",,,,ZAR,Request quote / not publicly verified,,,https://www.instagram.com/onezwambola/,https://influencers.feedspot.com/south_african_food_instagram_influencers/,2026-08-19,Food and ingredient-driven living creator.
Pearl Sechele,South Africa,,,Creator focused on food.,Instagram,@theeprettychef,@theeprettychef,"268,500",,,,,,"268,500",,,,ZAR,Request quote / not publicly verified,,,https://www.instagram.com/theeprettychef/,https://influencers.feedspot.com/south_african_food_instagram_influencers/,2026-08-19,Food creator.
Nthabi,South Africa,,,Creator focused on food.,Instagram,@cooking_with_nthabi,@cooking_with_nthabi,"268,100",,,,,,"268,100",,,,ZAR,Request quote / not publicly verified,,,https://www.instagram.com/cooking_with_nthabi/,https://influencers.feedspot.com/south_african_food_instagram_influencers/,2026-08-19,Recipe creator.
Thembeka Sibanyoni,South Africa,,,Creator focused on food.,Instagram,@tees_cooking_addiction,@tees_cooking_addiction,"252,400",,,,,,"252,400",,,,ZAR,Request quote / not publicly verified,,,https://www.instagram.com/tees_cooking_addiction/,https://influencers.feedspot.com/south_african_food_instagram_influencers/,2026-08-19,Cooking creator.
Tumi M,South Africa,Gauteng,Johannesburg,Creator focused on food.,Instagram,@mealswithtumi,@mealswithtumi,"180,700",,,,,,"180,700",,,,ZAR,Request quote / not publicly verified,,,https://www.instagram.com/mealswithtumi/,https://influencers.feedspot.com/south_african_food_instagram_influencers/,2026-08-19,Food creator.
Luyanda Mafanya,South Africa,Gauteng,Johannesburg,Creator focused on food.,Instagram,@cookingwithluyanda,@cookingwithluyanda,"152,800",,,,,,"152,800",,,,ZAR,Request quote / not publicly verified,,,https://www.instagram.com/cookingwithluyanda/,https://influencers.feedspot.com/south_african_food_instagram_influencers/,2026-08-19,Food creator.
Carlinn Meyer,South Africa,Western Cape,Cape Town,Creator focused on travel / hotels.,Instagram,@campsbaygirl,@campsbaygirl,"319,800",,,,,,"319,800",,,,ZAR,Request quote / not publicly verified,,,https://www.instagram.com/campsbaygirl/,https://influencers.feedspot.com/south_african_travel_instagram_influencers/,2026-08-19,Travel/hotel creator.
Michael Eloff,South Africa,,,Creator focused on travel / lifestyle.,Instagram,@lifeofmikeza,@lifeofmikeza,"101,200",,,,,,"101,200",,,,ZAR,Request quote / not publicly verified,,,https://www.instagram.com/lifeofmikeza/,https://influencers.feedspot.com/south_african_travel_instagram_influencers/,2026-08-19,Travel/lifestyle creator.
Chelsea Knipp,South Africa,Western Cape,Cape Town,Creator focused on travel / food / experiences.,Instagram,@travel.drink.eat.play,@travel.drink.eat.play,"92,000",,,,,,"92,000",,,,ZAR,Request quote / not publicly verified,,,https://www.instagram.com/travel.drink.eat.play/,https://influencers.feedspot.com/south_african_travel_instagram_influencers/,2026-08-19,Travel/food experiences creator.
Shiv Sewlal,South Africa,Western Cape,Cape Town,Creator focused on beauty / lifestyle / wellness.,Instagram,@shivaika,@shivaika,"337,700",,,,,,"337,700",,,,ZAR,Request quote / not publicly verified,,,https://www.instagram.com/shivaika/,https://influencers.feedspot.com/african_beauty_instagram_influencers/,2026-08-19,Beauty/lifestyle creator.
Solina Naidoo,South Africa,KwaZulu-Natal,Durban,Creator focused on food / lifestyle.,Instagram,@perimas_kitchen,@perimas_kitchen,"37,400",,"220,000",,,,"257,400",,,,ZAR,Request quote / not publicly verified,,,https://www.instagram.com/perimas_kitchen/,https://influencers.feedspot.com/south__african_lifestyle_instagram_influencers/,2026-08-19,Source bio reports 220K TikTok followers but exact TikTok handle is not exposed.
Chef Abbys,Ghana,,,Creator focused on food.,Instagram,@chefabbys,@chefabbys,"703,000",,,,,,"703,000",,,,GHS,Request quote / not publicly verified,,,https://www.instagram.com/chefabbys/,https://influencers.feedspot.com/african_food_instagram_influencers/,2026-08-19,African food creator.
Wode Maya,Ghana,,,Creator focused on travel / africa storytelling.,Instagram,@mrghanababy,@mrghanababy,"385,300",,,,,,"385,300",,,,GHS,Request quote / not publicly verified,,,https://www.instagram.com/mrghanababy/,https://influencers.feedspot.com/african_male_travel_instagram_influencers/,2026-08-19,Travel vlogger and Africa storyteller.
Essie,Ghana,,,Creator focused on food.,Instagram,@essiespice,@essiespice,"31,200",,,,,,"31,200",,,,GHS,Request quote / not publicly verified,,,https://www.instagram.com/essiespice/,https://influencers.feedspot.com/african_food_instagram_influencers/,2026-08-19,Food creator.
Khadijah Khalid,Ghana,,,Creator focused on food / lifestyle.,Instagram,@khadijahkhalidgh,@khadijahkhalidgh,"91,600",,"190,000",,,,"281,600",,,,GHS,Request quote / not publicly verified,,,https://www.instagram.com/khadijahkhalidgh/,https://www.modash.io/find-influencers/ghana/food,2026-07-13,Source bio reports 190K+ TikTok followers; exact TT handle not exposed.
Dancegod Lloyd,Ghana,,,Creator focused on dance / choreography.,Instagram,@dancegodlloyd,@dancegodlloyd,"2,300,000",,,,,,"2,300,000",,9.63%,,GHS,Request quote / not publicly verified,,,https://www.instagram.com/dancegodlloyd/,https://hafi.pro/top/most-followed-instagram/ghana,2026-08-12,Dance/choreography content creator.
Afronitaaa,Ghana,,,Creator focused on dance / lifestyle.,TikTok,@afronitaaa,,,@afronitaaa,"7,000,000",@afronitaaa,"575,500",,"7,575,500",,20.04%,,GHS,Request quote / not publicly verified,,,https://www.tiktok.com/@afronitaaa,https://hafi.pro/top/most-followed-tiktok/ghana,2026-08-13,YouTube count cross-referenced from Hafi Ghana YouTube ranking (2026-08-12).
Kwadwo Sheldon Studios,Ghana,,,Creator focused on commentary / digital media.,YouTube,@kwadwosheldonstudios,,,,,@kwadwosheldonstudios,"833,100",,"833,100",,6.87%,,GHS,Request quote / not publicly verified,,,https://www.youtube.com/@kwadwosheldonstudios,https://hafi.pro/top/most-followed-youtube/ghana,2026-08-12,Digital commentary creator brand.
Erkuah Official,Ghana,,,Creator focused on comedy / lifestyle short-form.,TikTok,@erkuahofficial,,,@erkuahofficial,"6,600,000",,,,"6,600,000",,,,GHS,Request quote / not publicly verified,,,https://www.tiktok.com/@erkuahofficial,https://hafi.pro/top/most-followed-tiktok/ghana,2026-08-13,Short-form creator.
Angella Summer Namubiru,Uganda,,,Creator focused on lifestyle / culture.,Instagram,@angelasummernamubiru,@angelasummernamubiru,"826,300",,"6,000,000",,,,"6,826,300",,,,UGX,Request quote / not publicly verified,,,https://www.instagram.com/angelasummernamubiru/,https://influencers.feedspot.com/uganda_instagram_influencers/,2026-08-19,Source bio reports ~6M TikTok followers; exact TikTok handle not exposed.
Nadia Matovu,Uganda,,,Creator focused on family / lifestyle / business.,Instagram,@mrs.matovu,@mrs.matovu,"192,900",,,,,,"192,900",,,,UGX,Request quote / not publicly verified,,,https://www.instagram.com/mrs.matovu/,https://influencers.feedspot.com/uganda_instagram_influencers/,2026-08-19,Family/lifestyle creator.
Methia Lydia Nabawanda,Uganda,,,Creator focused on lifestyle.,Instagram,@methia_lydia_nabawanda,@methia_lydia_nabawanda,"168,400",,,,,,"168,400",,,,UGX,Request quote / not publicly verified,,,https://www.instagram.com/methia_lydia_nabawanda/,https://influencers.feedspot.com/uganda_instagram_influencers/,2026-08-19,Lifestyle creator.
Lucy Bunyenyezi,Uganda,,,Creator focused on travel / food / lifestyle.,Instagram,@lucy_smize,@lucy_smize,"185,600",,,,,,"185,600",,,,UGX,Request quote / not publicly verified,,,https://www.instagram.com/lucy_smize/,https://influencers.feedspot.com/uganda_instagram_influencers/,2026-08-19,Visual storyteller.
Catherine Nagawa,Uganda,,,Creator focused on tech / lifestyle.,Instagram,@catherine_nagawa,@catherine_nagawa,"85,400",,,,,,"85,400",,,,UGX,Request quote / not publicly verified,,,https://www.instagram.com/catherine_nagawa/,https://influencers.feedspot.com/uganda_instagram_influencers/,2026-08-19,Tech/lifestyle creator.
Cindy Zeta Bukenya,Uganda,Central Region,Kampala,Creator focused on travel / food / lifestyle.,Instagram,@zeta_bukenya,@zeta_bukenya,"19,100",,,,,,"19,100",,,,UGX,Request quote / not publicly verified,,,https://www.instagram.com/zeta_bukenya/,https://influencers.feedspot.com/uganda_instagram_influencers/,2026-08-19,Visual storyteller.
Zawedde Patricia,Uganda,,,Creator focused on lifestyle / travel / fashion.,Instagram,@zawedde_patricia,@zawedde_patricia,"16,800",,,,,,"16,800",,,,UGX,Request quote / not publicly verified,,,https://www.instagram.com/zawedde_patricia/,https://influencers.feedspot.com/uganda_instagram_influencers/,2026-08-19,Lifestyle/travel/fashion YouTuber/creator.
Rachael Nalumu,Uganda,,,Creator focused on african lifestyle.,Instagram,@rachaelnalumu,@rachaelnalumu,"14,200",,,,,,"14,200",,,,UGX,Request quote / not publicly verified,,,https://www.instagram.com/rachaelnalumu/,https://influencers.feedspot.com/uganda_instagram_influencers/,2026-08-19,Lifestyle creator; source also references YouTube.
Klaudia Kaliisa,Uganda,Central Region,Kampala,Creator focused on fitness / nutrition / wellness.,Instagram,@klaudia_adamiecc,@klaudia_adamiecc,"13,400",,,,,,"13,400",,,,UGX,Request quote / not publicly verified,,,https://www.instagram.com/klaudia_adamiecc/,https://influencers.feedspot.com/uganda_instagram_influencers/,2026-08-19,Fitness/wellness creator.
Cza,Uganda,,,Creator focused on fitness.,Instagram,@cza_the_trainer,@cza_the_trainer,"12,500",,,,,,"12,500",,,,UGX,Request quote / not publicly verified,,,https://www.instagram.com/cza_the_trainer/,https://influencers.feedspot.com/uganda_instagram_influencers/,2026-08-19,Fitness coach/content creator.
Zero Brainer,Tanzania,,,Creator focused on sports content.,Instagram,@zerobrainer0,@zerobrainer0,"7,300,000",,,,,,"7,300,000","365,900",,,TZS,Request quote / not publicly verified,,,https://www.instagram.com/zerobrainer0/,https://www.upgrow.com/find-influencers/tanzania,2026-08-24,Sports-content creator.
Minggl Gaming,Tanzania,,,Creator focused on gaming.,Instagram,@mingglgaming,@mingglgaming,"2,000,000",,,,,,"2,000,000","99,700",,,TZS,Request quote / not publicly verified,,,https://www.instagram.com/mingglgaming/,https://www.upgrow.com/find-influencers/tanzania,2026-08-24,Gaming creator.
Yasir Nassor,Tanzania,,,Creator focused on mobile photography / editing.,Instagram,@yasirnassor,@yasirnassor,"184,900",,,,,,"184,900","8,200",,,TZS,Request quote / not publicly verified,,,https://www.instagram.com/yasirnassor/,https://www.upgrow.com/find-influencers/tanzania,2026-08-24,Mobile photography/editing creator.
Nuru Vaz,Tanzania,,,Creator focused on lifestyle / social impact.,Instagram,@nuruvazi,@nuruvazi,"457,900",@nuruvazi01,,NURUVAZI,,TikTok: @nuruvazi01; YouTube: NURUVAZI,"457,900",,,,TZS,Request quote / not publicly verified,,,https://www.instagram.com/nuruvazi/,https://influencers.feedspot.com/tanzania_instagram_influencers/,2026-08-19,TikTok @nuruvazi01; YouTube NURUVAZI.
Shukuru,Tanzania,,,Creator focused on landscaping / gardening.,Instagram,@shukuru_landscaping,@shukuru_landscaping,"112,000",,,,,,"112,000",,,,TZS,Request quote / not publicly verified,,,https://www.instagram.com/shukuru_landscaping/,https://influencers.feedspot.com/tanzania_instagram_influencers/,2026-08-19,Landscaping/gardening creator.
Lodrick Nswima,Tanzania,,,Creator focused on tech / gadgets.,Instagram,@appletechgadgetz,@appletechgadgetz,"59,800",,,,,,"59,800",,,,TZS,Request quote / not publicly verified,,,https://www.instagram.com/appletechgadgetz/,https://influencers.feedspot.com/tanzania_instagram_influencers/,2026-08-19,Apple tech/gadget creator.
Sophia Abdy,Tanzania,,,Creator focused on beauty / lifestyle.,Instagram,@_beingrahma,@_beingrahma,"3,900",,,,,,"3,900",,,,TZS,Request quote / not publicly verified,,,https://www.instagram.com/_beingrahma/,https://influencers.feedspot.com/tanzania_instagram_influencers/,2026-08-19,Beauty/lifestyle creator.
Arina Velikova,Tanzania,Zanzibar,Zanzibar,Creator focused on travel / island life.,Instagram,@arinavelikova,@arinavelikova,"45,000",,,,,,"45,000",,,,TZS,Request quote / not publicly verified,,,https://www.instagram.com/arinavelikova/,https://influencers.feedspot.com/tanzania_travel_instagram_influencers/,2026-08-19,Zanzibar digital tour guide/travel creator.
Mama Buryohe,Rwanda,,,Creator focused on food / lifestyle.,TikTok,@mamaburyohe,,,@mamaburyohe,"244,800",,,,"244,800","199,800",6.09%,,RWF,Request quote / not publicly verified,,,https://www.tiktok.com/@mamaburyohe,https://www.modash.io/find-influencers/tiktok/rwanda,2026-06-08,Food/lifestyle creator.
Burikantu,Rwanda,,,Creator focused on short-form entertainment.,TikTok,@burikantu,,,@burikantu,"458,500",,,,"458,500","179,800",8.88%,,RWF,Request quote / not publicly verified,,,https://www.tiktok.com/@burikantu,https://www.modash.io/find-influencers/tiktok/rwanda,2026-06-08,TikTok-first creator.
Junior Giti,Rwanda,,,Creator focused on family / business / real estate.,TikTok,@junior_giti1,,,@junior_giti1,"144,400",,,,"144,400","170,000",9.18%,,RWF,Request quote / not publicly verified,,,https://www.tiktok.com/@junior_giti1,https://www.modash.io/find-influencers/tiktok/rwanda,2026-06-08,Family/business/real-estate creator.
RAMBA Life,Rwanda,,,Creator focused on animation / visual creativity.,TikTok,@rambalife,,,@rambalife,"35,400",,,,"35,400","145,800",5.11%,,RWF,Request quote / not publicly verified,,,https://www.tiktok.com/@rambalife,https://www.modash.io/find-influencers/tiktok/rwanda,2026-06-08,Animation/visual concepts creator.
Elka Rutabana Mylene,Rwanda,,,Creator focused on food / family / lifestyle.,TikTok,@elkarutabanamylen,,,@elkarutabanamylen,"123,500",,,,"123,500","59,500",8.90%,,RWF,Request quote / not publicly verified,,,https://www.tiktok.com/@elkarutabanamylen,https://www.modash.io/find-influencers/tiktok/rwanda,2026-06-08,Food/family/lifestyle/vlog creator.
Mai Maher,Egypt,,,Creator focused on food / travel.,Instagram,@maimaher7,@maimaher7,"1,900,000",@maimaherrr7,,,,Facebook: maimaher; TikTok: @maimaherrr7; Snapchat: maimaher777,"1,900,000",,,,EGP,Request quote / not publicly verified,,,https://www.instagram.com/maimaher7/,https://influencers.feedspot.com/egypt_food_instagram_influencers/,2026-08-19,Other socials: Facebook maimaher; TikTok @maimaherrr7; Snapchat maimaher777. Source bio says 5.5M total.
Nada Tarek,Egypt,Cairo,Cairo,Creator focused on food.,Instagram,@thro_nadasfoodie,@thro_nadasfoodie,"324,800",,,,,,"324,800",,,,EGP,Request quote / not publicly verified,,,https://www.instagram.com/thro_nadasfoodie/,https://influencers.feedspot.com/egypt_food_instagram_influencers/,2026-08-19,Cairo food creator.
Banoura,Egypt,Cairo,Cairo,Creator focused on food / restaurants.,Instagram,@banoura.eats,@banoura.eats,"444,800",,,,,,"444,800",,,,EGP,Request quote / not publicly verified,,,https://www.instagram.com/banoura.eats/,https://influencers.feedspot.com/egypt_food_instagram_influencers/,2026-08-19,Cairo food creator.
Esraa Sobhy,Egypt,,,Creator focused on food / wellness.,Instagram,@eatwizesraa,@eatwizesraa,"413,500",,,,,,"413,500",,,,EGP,Request quote / not publicly verified,,,https://www.instagram.com/eatwizesraa/,https://influencers.feedspot.com/egypt_food_instagram_influencers/,2026-08-19,Food creator.
Mustafa Esmael,Egypt,,,Creator focused on tech.,Instagram,@imustafaesmael,@imustafaesmael,"1,600,000",,,,,,"1,600,000",,,,EGP,Request quote / not publicly verified,,,https://www.instagram.com/imustafaesmael/,https://influencers.feedspot.com/egypt_tech_instagram_influencers/,2026-08-19,Tech creator; source bio reports 2.7M+ total audience.
Tarek Adel,Egypt,,,Creator focused on tech.,Instagram,@tarekadel.tech,@tarekadel.tech,"297,600",,,,,,"297,600",,,,EGP,Request quote / not publicly verified,,,https://www.instagram.com/tarekadel.tech/,https://influencers.feedspot.com/egypt_tech_instagram_influencers/,2026-08-19,Tech creator.
Yehia Radwan,Egypt,,,Creator focused on tech.,Instagram,@yehiaradwanofficial,@yehiaradwanofficial,"296,500",,,,"2,000,000",,"2,296,500",,,,EGP,Request quote / not publicly verified,,,https://www.instagram.com/yehiaradwanofficial/,https://influencers.feedspot.com/egypt_tech_instagram_influencers/,2026-08-19,Source bio reports 2M+ YouTube subscribers; exact YT handle not exposed.
Abdelrahman Hamza,Egypt,,,Creator focused on tech.,Instagram,@tech_hamzater,@tech_hamzater,"265,100",,,,,,"265,100",,,,EGP,Request quote / not publicly verified,,,https://www.instagram.com/tech_hamzater/,https://influencers.feedspot.com/egypt_tech_instagram_influencers/,2026-08-19,Tech creator.
Ammar Homossany,Egypt,,,Creator focused on travel.,Instagram,@homossany,@homossany,"303,900",,,,,,"303,900",,,,EGP,Request quote / not publicly verified,,,https://www.instagram.com/homossany/,https://influencers.feedspot.com/egypt_instagram_influencers/,2026-08-19,Travel creator.
Ahmed (Gaming3arbi),Egypt,,,Creator focused on gaming.,Instagram,@gaming3arbi,@gaming3arbi,"57,000",,,,,,"57,000",,,,EGP,Request quote / not publicly verified,,,https://www.instagram.com/gaming3arbi/,https://influencers.feedspot.com/egypt_gaming_instagram_influencers/,2026-08-19,Gaming creator.
Asmae Mouzouna,Morocco,,,Creator focused on beauty.,Instagram,@asmaabeautychannel,@asmaabeautychannel,"2,400,000",,,,,,"2,400,000",,,,MAD,Request quote / not publicly verified,,,https://www.instagram.com/asmaabeautychannel/,https://influencers.feedspot.com/morocco_beauty_instagram_influencers/,2026-08-19,Beauty creator.
Salma El Mejdoubi,Morocco,Tangier-Tétouan-Al Hoceïma,Tangier,Creator focused on lifestyle / fashion / beauty.,Instagram,@salmita_corita1,@salmita_corita1,"1,500,000",,,,,,"1,500,000",,,,MAD,Request quote / not publicly verified,,,https://www.instagram.com/salmita_corita1/,https://influencers.feedspot.com/morocco_beauty_instagram_influencers/,2026-08-19,Lifestyle/fashion/beauty creator.
Fadwa Fakhari,Morocco,Casablanca-Settat,Casablanca,Creator focused on beauty / skincare / lifestyle.,Instagram,@fadwa.fakhari,@fadwa.fakhari,"1,400,000",,,,,,"1,400,000",,,,MAD,Request quote / not publicly verified,,,https://www.instagram.com/fadwa.fakhari/,https://influencers.feedspot.com/morocco_beauty_instagram_influencers/,2026-08-19,Beauty/skincare/lifestyle creator.
Lamiae Elhari,Morocco,,,Creator focused on lifestyle / beauty / vlogs.,Instagram,@lamia.e.lhari,@lamia.e.lhari,"1,300,000",,,,,,"1,300,000",,,,MAD,Request quote / not publicly verified,,,https://www.instagram.com/lamia.e.lhari/,https://influencers.feedspot.com/morocco_beauty_instagram_influencers/,2026-08-19,Lifestyle/beauty creator; source references YouTube vlogs.
Fatine Badi,Morocco,,,Creator focused on food.,Instagram,@cooking_by_fatine,@cooking_by_fatine,"4,500,000",,,,,,"4,500,000",,,,MAD,Request quote / not publicly verified,,,https://www.instagram.com/cooking_by_fatine/,https://influencers.feedspot.com/moroccan_food_instagram_influencers/,2026-08-19,Food/recipe creator.
Halima Choujaa,Morocco,,,Creator focused on food.,Instagram,@cuisine_halima__filali,@cuisine_halima__filali,"2,600,000",,,,"7,000,000",,"9,600,000",,,,MAD,Request quote / not publicly verified,,,https://www.instagram.com/cuisine_halima__filali/,https://influencers.feedspot.com/moroccan_food_instagram_influencers/,2026-08-19,Source bio reports 7M YouTube subscribers; exact YT handle not exposed.
Imane Ait Lhadj,Morocco,,,Creator focused on food / lifestyle.,Instagram,@imane_adinar,@imane_adinar,"2,100,000",,"1,000,000",,,,"3,100,000",,,,MAD,Request quote / not publicly verified,,,https://www.instagram.com/imane_adinar/,https://influencers.feedspot.com/moroccan_food_instagram_influencers/,2026-08-19,Source bio reports 1M+ TikTok audience; exact TT handle not exposed.
El Mehdi CHTIWI,Morocco,,,Creator focused on food / restaurant discovery.,Instagram,@mehdi_tastediscovery,@mehdi_tastediscovery,"1,600,000",,,,,,"1,600,000",,,,MAD,Request quote / not publicly verified,,,https://www.instagram.com/mehdi_tastediscovery/,https://influencers.feedspot.com/moroccan_food_instagram_influencers/,2026-08-19,North Africa food creator.
Vénus Ndour,Senegal,,,Creator focused on fashion / beauty / lifestyle.,Instagram,@thevenusss_,@thevenusss_,"139,000",,,,,,"139,000","48,400",28.59%,,XOF,Request quote / not publicly verified,,,https://www.instagram.com/thevenusss_/,https://www.modash.io/find-influencers/senegal,2026-07,Fashion/beauty/lifestyle creator.
Fatima (PrettyTima),Senegal,,,Creator focused on beauty / hair / lifestyle.,Instagram,@_prettytima,@_prettytima,"105,400",,,,,,"105,400","25,300",19.38%,,XOF,Request quote / not publicly verified,,,https://www.instagram.com/_prettytima/,https://www.modash.io/find-influencers/senegal/beauty,2026-07,Beauty/hair/lifestyle creator.
Sokhna Ndour,Senegal,,,Creator focused on beauty / lifestyle / tech.,Instagram,@sokhna_ndourr,@sokhna_ndourr,"51,100",,,,,,"51,100","43,800",3.20%,,XOF,Request quote / not publicly verified,,,https://www.instagram.com/sokhna_ndourr/,https://www.modash.io/find-influencers/senegal/beauty,2026-07,Beauty/lifestyle/tech creator.
Linguere Fallprio,Senegal,,,Creator focused on lifestyle / fashion / beauty / interiors.,Instagram,@linguere.fallprio,@linguere.fallprio,"323,000",,,,,,"323,000",,1.88%,,XOF,Request quote / not publicly verified,,,https://www.instagram.com/linguere.fallprio/,https://hiveinfluence.io/top-influencers/instagram/beauty/senegal,2026-08,Lifestyle/fashion/beauty/interiors creator.
Baee Antaaah,Senegal,,,Creator focused on beauty / lifestyle.,TikTok,@bae_antaah,,,@bae_antaah,"1,600,000",,,,"1,600,000",,,,XOF,Request quote / not publicly verified,,,https://www.tiktok.com/@bae_antaah,https://hiveinfluence.io/top-influencers/tiktok/beauty/senegal,2026-08,TikTok-first beauty/lifestyle creator.
Dou King,Senegal,,,Creator focused on comedy / challenges / reactions.,TikTok,@douu_king,,,@douu_king,"1,700,000",,"240,000",,"1,940,000",,,,XOF,Request quote / not publicly verified,,,https://www.tiktok.com/@douu_king,https://www.famousbirthdays.com/people/dou-king.html,2026-08,Source reports ~240K YouTube subscribers; exact YT handle not supplied.
Jordan Hersey,Côte d'Ivoire,,,Creator focused on fashion / accessories.,TikTok,@jordanherseyyy,,,@jordanherseyyy,"1,300,000",,,,"1,300,000",,6.10%,,XOF,Request quote / not publicly verified,,,https://www.tiktok.com/@jordanherseyyy,https://starngage.com/app/in/influencer/ranking/tiktok/cote-d-ivoire,2026-07,Fashion/accessories creator.
Mélanie,Côte d'Ivoire,,,Creator focused on short-form lifestyle.,TikTok,@melanie.tms,,,@melanie.tms,"1,200,000",,,,"1,200,000",,,,XOF,Request quote / not publicly verified,,,https://www.tiktok.com/@melanie.tms,https://starngage.com/app/in/influencer/ranking/tiktok/cote-d-ivoire,2026-07,Short-form creator; niche kept broad.
Observateur,Côte d'Ivoire,,,Creator focused on comedy / commentary.,TikTok,@observateur.ebene,,,@observateur.ebene,"860,900",,,,"860,900",,,,XOF,Request quote / not publicly verified,,,https://www.tiktok.com/@observateur.ebene,https://starngage.com/app/in/influencer/ranking/tiktok/cote-d-ivoire,2026-07,Comedy/commentary creator.
MotivMyself,Côte d'Ivoire,,,Creator focused on motivation / short-form.,TikTok,@motivmyself,,,@motivmyself,"712,600",,,,"712,600",,,,XOF,Request quote / not publicly verified,,,https://www.tiktok.com/@motivmyself,https://starngage.com/app/in/influencer/ranking/tiktok/cote-d-ivoire,2026-07,Motivational content creator.
IVK,Côte d'Ivoire,,,Creator focused on entertainment / education.,TikTok,@ivoriankid,,,@ivoriankid,"704,500",,,,"704,500",,4.70%,,XOF,Request quote / not publicly verified,,,https://www.tiktok.com/@ivoriankid,https://starngage.com/app/in/influencer/ranking/tiktok/cote-d-ivoire,2026-07,Entertainment/education creator.
Yasmine Fofana,Côte d'Ivoire,Abidjan Autonomous District,Abidjan,Creator focused on food / travel.,Instagram,@afrofoodie,@afrofoodie,"148,700",,,,,,"148,700",,,,XOF,Request quote / not publicly verified,,,https://www.instagram.com/afrofoodie/,https://influencers.feedspot.com/african_food_instagram_influencers/,2026-08-19,Food/travel creator with Abidjan-focused content.
David Lord,Cameroon,,,Creator focused on short-form entertainment.,TikTok,@davidlord09_king1,,,@davidlord09_king1,"1,100,000",,,,"1,100,000",,0.20%,,XAF,Request quote / not publicly verified,,,https://www.tiktok.com/@davidlord09_king1,https://starngage.com/app/in/influencer/ranking/tiktok/cameroon,2026-07,TikTok-first creator; niche kept broad.
Ella & Cliff,Cameroon,,,Creator focused on lifestyle / short-form.,TikTok,@ellarose_yuyun,,,@ellarose_yuyun,"999,200",,,,"999,200",,,,XAF,Request quote / not publicly verified,,,https://www.tiktok.com/@ellarose_yuyun,https://starngage.com/app/in/influencer/ranking/tiktok/cameroon,2026-07,Social-media-native creator account.
Carlos Mbingo,Cameroon,,,Creator focused on short-form entertainment.,TikTok,@caramyy1,,,@caramyy1,"859,500",,,,"859,500",,,,XAF,Request quote / not publicly verified,,,https://www.tiktok.com/@caramyy1,https://starngage.com/app/in/influencer/ranking/tiktok/cameroon,2026-07,TikTok-first creator.
Rosine,Cameroon,,,Creator focused on lifestyle / short-form.,TikTok,@rosineofficiel.0,,,@rosineofficiel.0,"728,200",,,,"728,200",,,,XAF,Request quote / not publicly verified,,,https://www.tiktok.com/@rosineofficiel.0,https://starngage.com/app/in/influencer/ranking/tiktok/cameroon,2026-07,Short-form lifestyle creator.
Denise,Cameroon,,,Creator focused on short-form lifestyle.,TikTok,@ctrldenise,,,@ctrldenise,"513,800",,,,"513,800",,,,XAF,Request quote / not publicly verified,,,https://www.tiktok.com/@ctrldenise,https://starngage.com/app/in/influencer/ranking/tiktok/cameroon,2026-07,TikTok-first lifestyle creator.